date,OIL_PRICE,year,yearmonth,GDP,QVA,GAS_PRICE,value
1996-01-01,28188.0,28188.0,28188.0,28188.0,36632.64934728513,28188.0,83809.0
1996-02-01,34587.93844891261,28188.0,28571.75155537763,28188.0,36632.64934728513,28188.0,70427.0
1996-03-01,28893.077964710705,28188.0,28955.50311074211,28188.0,36632.64934728513,28188.0,62652.00000000001
1996-04-01,32960.835453426356,28188.0,29339.254666119738,28188.0,42879.76001444368,28188.0,47050.0
1996-05-01,35347.25318013954,28188.0,29723.00622148422,28188.0,42879.76001444368,28188.0,30709.000000000004
1996-06-01,32906.59868691016,28188.0,30106.757776861847,28188.0,42879.76001444368,28188.0,28534.0
1996-07-01,46248.84324989744,28188.0,30490.509332226324,28188.0,49520.103523796766,28188.0,31117.000000000004
1996-08-01,53625.043496101775,28188.0,30874.260887603952,28188.0,49520.103523796766,28188.0,28188.0
1996-09-01,56662.30242100946,28188.0,31258.012442968433,28188.0,49520.103523796766,28188.0,36977.0
1996-10-01,62411.399671727566,28188.0,31641.76399834606,28188.0,55537.91482914805,28188.0,61954.0
1996-11-01,71685.88674599922,28188.0,32025.515553710542,28188.0,55537.91482914805,28188.0,79268.0
1996-12-01,73963.83093967993,28188.0,32409.26710908817,28188.0,55537.91482914805,28188.0,100546.0
1997-01-01,88716.23143208867,66739.04166667105,66563.15553713174,60829.4909285647,59048.99645971848,28188.0,104709.0
1997-02-01,90939.9388592532,66739.04166667105,66946.90709249621,60829.4909285647,59048.99645971848,28188.0,84149.0
1997-03-01,85082.3680755027,66739.04166667105,67330.65864787385,60829.4909285647,59048.99645971848,40018.35802104848,75136.0
1997-04-01,83889.15921214611,66739.04166667105,67714.41020323832,60829.4909285647,80964.20514793032,65317.123635290634,62380.0
1997-05-01,79007.85022568733,66739.04166667105,68098.16175861596,60829.4909285647,80964.20514793032,65317.123635290634,59376.0
1997-06-01,81936.63561756261,66739.04166667105,68481.91331398043,60829.4909285647,80964.20514793032,65317.123635290634,57654.0
1997-07-01,69570.65285186708,66739.04166667105,68865.66486935806,60829.4909285647,75277.37346437344,65317.123635290634,66246.0
1997-08-01,66262.21009437836,66739.04166667105,69249.41642472254,60829.4909285647,75277.37346437344,65317.123635290634,62134.0
1997-09-01,74072.30447271238,66739.04166667105,69633.16798010016,60829.4909285647,75277.37346437344,65317.123635290634,84552.0
1997-10-01,77109.56339762006,66739.04166667105,70016.91953546465,60829.4909285647,66705.1050152679,65317.123635290634,114588.0
1997-11-01,90451.80796060734,66739.04166667105,70400.67109084227,60829.4909285647,66705.1050152679,65317.123635290634,125912.00000000001
1997-12-01,217691.26220763236,66739.04166667105,70784.42264620676,60829.4909285647,66705.1050152679,145763.55817842032,146195.0
1998-01-01,237650.39228559704,105290.08333334209,104938.31107425032,57775.028615495445,36660.663296465165,145763.55817842032,143631.0
1998-02-01,267046.719737382,105290.08333334209,105322.0626296148,57775.028615495445,36660.663296465165,195269.05635880784,118575.0
1998-03-01,187535.62002462047,105290.08333334209,105705.81418499243,57775.028615495445,36660.663296465165,195269.05635880784,124297.00000000001
1998-04-01,185691.56996306937,105290.08333334209,106089.5657403569,57775.028615495445,28188.0,195269.05635880784,88168.0
1998-05-01,144634.33771029956,105290.08333334209,106473.31729573454,57775.028615495445,28188.0,195269.05635880784,86596.0
1998-06-01,141597.07878539193,105290.08333334209,106857.06885109901,57775.028615495445,28188.0,195269.05635880784,84263.0
1998-07-01,140458.10668855155,105290.08333334209,107240.82040647665,57775.028615495445,38069.66118485608,195269.05635880784,82096.0
1998-08-01,139807.265490357,105290.08333334209,107624.57196184112,57775.028615495445,38069.66118485608,195269.05635880784,80149.0
1998-09-01,146424.15100533442,105290.08333334209,108008.32351721876,57775.028615495445,38069.66118485608,195269.05635880784,99828.0
1998-10-01,163183.31185884285,105290.08333334209,108392.07507258323,57775.028615495445,62462.5480449953,169879.28799055764,110683.0
1998-11-01,164105.3368896184,105290.08333334209,108775.82662796087,57775.028615495445,62462.5480449953,169879.28799055764,147062.0
1998-12-01,149786.83052933938,105290.08333334209,109159.57818332534,57775.028615495445,62462.5480449953,169879.28799055764,163127.0
1999-01-01,126519.25769388599,143841.125,143313.4666113689,92386.33345150441,70203.73600175836,160323.9988197108,174067.0
1999-02-01,123753.18260155928,143841.125,143697.21816674652,92386.33345150441,70203.73600175836,160323.9988197108,139679.0
1999-03-01,122668.44727123517,143841.125,144080.969722111,92386.33345150441,70203.73600175836,160323.9988197108,149395.0
1999-04-01,135088.6668034469,143841.125,144464.72127748863,92386.33345150441,114217.80037836262,133933.2001573719,114053.0
1999-05-01,152010.53795650392,143841.125,144848.47283285312,92386.33345150441,114217.80037836262,133933.2001573719,114552.0
1999-06-01,151847.82765695525,143841.125,145232.22438823074,92386.33345150441,114217.80037836262,129474.06521097667,108706.0
1999-07-01,151359.6967583094,143841.125,145615.97594359523,92386.33345150441,137308.55737846464,129474.06521097667,118905.00000000001
1999-08-01,159061.317603611,143841.125,145999.72749897285,92386.33345150441,137308.55737846464,129474.06521097667,117823.0
1999-09-01,170396.80180549857,143841.125,146383.47905433734,92386.33345150441,137308.55737846464,129474.06521097667,127849.0
1999-10-01,193664.374640952,143841.125,146767.23060971496,92386.33345150441,160790.47211341452,163236.08694796887,170198.0
1999-11-01,207765.9339351662,143841.125,147150.98216507945,92386.33345150441,160790.47211341452,163236.08694796887,196487.0
1999-12-01,203752.41321296676,143841.125,147534.73372045706,92386.33345150441,160790.47211341452,163236.08694796887,251488.00000000003
2000-01-01,192037.27164546575,182392.16666667102,181688.62214848748,130790.55746649385,175584.94994151857,190172.90213435623,248266.0
2000-02-01,192959.2966762413,182392.16666667102,182072.3737038651,130790.55746649385,175584.94994151857,190172.90213435623,219592.0
2000-03-01,193935.55847353308,182392.16666667102,182456.1252592296,130790.55746649385,175584.94994151857,190172.90213435623,213263.0
2000-04-01,191332.19368075504,182392.16666667102,182839.8768146072,130790.55746649385,188108.22277868917,190172.90213435623,172968.0
2000-05-01,178044.185884284,182392.16666667102,183223.6283699717,130790.55746649385,188108.22277868917,229486.09186584046,164437.0
2000-06-01,200715.15428805916,182392.16666667102,183607.37992534932,130790.55746649385,188108.22277868917,229486.09186584046,156473.0
2000-07-01,202396.49405006156,182392.16666667102,183991.1314807138,130790.55746649385,218451.47995541277,229486.09186584046,163679.0
2000-08-01,213460.79441936815,182392.16666667102,184374.88303609143,130790.55746649385,218451.47995541277,229486.09186584046,168129.0
2000-09-01,227725.06401313096,182392.16666667102,184758.63459145592,130790.55746649385,218451.47995541277,229486.09186584046,179575.0
2000-10-01,246490.98522773906,182392.16666667102,185142.38614683354,130790.55746649385,200045.27779042468,262156.0805547358,219854.0
2000-11-01,248551.98235535496,182392.16666667102,185526.13770219803,130790.55746649385,200045.27779042468,262156.0805547358,264161.0
2000-12-01,249040.11325400087,182392.16666667102,185909.88925757565,130790.55746649385,200045.27779042468,262156.0805547358,293726.0
2001-01-01,237324.9716864998,220943.20833334207,220063.77768560607,166135.21403971774,206636.85627713098,307657.45755876845,293286.99999999994
2001-02-01,234396.18629462455,220943.20833334207,220447.52924098368,166135.21403971774,206636.85627713098,307657.45755876845,251299.0
2001-03-01,236565.6569552729,220943.20833334207,220831.28079636133,166135.21403971774,206636.85627713098,307657.45755876845,257268.99999999997
2001-04-01,241446.9659417317,220943.20833334207,221215.0323517258,166135.21403971774,206421.045113077,334139.25897511543,192383.0
2001-05-01,236077.526056627,220943.20833334207,221598.78390710344,166135.21403971774,206421.045113077,334139.25897511543,182192.0
2001-06-01,236077.526056627,220943.20833334207,221982.5354624679,166135.21403971774,206421.045113077,334139.25897511543,181047.0
2001-07-01,242206.28067295853,220943.20833334207,222366.28701784555,166135.21403971774,210010.98082282103,334139.25897511543,182720.0
2001-08-01,233419.92449733283,220943.20833334207,222750.03857321,166135.21403971774,210010.98082282103,334139.25897511543,175939.0
2001-09-01,230057.2449733279,220943.20833334207,223133.79012858766,166135.21403971774,210010.98082282103,334139.25897511543,200150.0
2001-10-01,230870.79647107105,220943.20833334207,223517.54168395212,166135.21403971774,220319.07656741832,334139.25897511543,224570.0
2001-11-01,213081.13705375468,220943.20833334207,223901.29323932977,166135.21403971774,220319.07656741832,334139.25897511543,281975.0
2001-12-01,194098.26877308168,220943.20833334207,224285.04479469423,166135.21403971774,220319.07656741832,325767.0056063734,325748.0
2002-01-01,200118.54985638085,259494.24999999994,258438.93322273777,215731.53932369215,239045.8828174674,248141.65643749377,315491.99999999994
2002-02-01,202938.86171522364,259494.24999999994,258822.68477810227,215731.53932369215,239045.8828174674,248141.65643749377,248165.0
2002-03-01,211833.69142388183,259494.24999999994,259206.43633347988,215731.53932369215,239045.8828174674,248141.65643749377,268288.0
2002-04-01,227508.1169470661,259494.24999999994,259590.18788884438,215731.53932369215,256331.52701525218,248141.65643749377,224015.0
2002-05-01,237813.10258514574,259494.24999999994,259973.939444222,215731.53932369215,256331.52701525218,248141.65643749377,223769.0
2002-06-01,236402.9466557243,259494.24999999994,260357.69099958648,215731.53932369215,256331.52701525218,248141.65643749377,199340.0
2002-07-01,241663.91300779648,259494.24999999994,260741.4425549641,215731.53932369215,275157.9384179415,248141.65643749377,215771.0
2002-08-01,239169.0217480509,259494.24999999994,261125.19411032856,215731.53932369215,275157.9384179415,248141.65643749377,215254.0
2002-09-01,247358.77349199835,259494.24999999994,261508.9456657062,215731.53932369215,275157.9384179415,248141.65643749377,219173.0
2002-10-01,265745.03734099306,259494.24999999994,261892.69722107067,215731.53932369215,282730.00512595073,248141.65643749377,297623.0
2002-11-01,273663.60525235947,259494.24999999994,262276.4487764483,215731.53932369215,282730.00512595073,272257.38624963106,327792.99999999994
2002-12-01,264009.4608124744,259494.24999999994,262660.2003318128,215731.53932369215,282730.00512595073,272257.38624963106,345488.0
2003-01-01,282775.38202708255,298045.291666671,296814.08875985636,249312.88444523467,277791.2496408693,286362.81312088127,367416.0
2003-02-01,293080.3676651622,298045.291666671,297197.8403152208,249312.88444523467,277791.2496408693,286362.81312088127,280765.0
2003-03-01,303819.2474353714,298045.291666671,297581.5918705984,249312.88444523467,277791.2496408693,317849.7660076718,308750.99999999994
2003-04-01,273392.4214197784,298045.291666671,297965.34342596296,249312.88444523467,271325.2151486367,317849.7660076718,242833.99999999997
2003-05-01,260104.41362330745,298045.291666671,298349.0949813406,249312.88444523467,271325.2151486367,317849.7660076718,224652.0
2003-06-01,252782.45014361918,298045.291666671,298732.84653670504,249312.88444523467,271325.2151486367,317849.7660076718,221918.0
2003-07-01,266395.87853918754,298045.291666671,299116.5980920826,249312.88444523467,297036.8327275865,306656.4272646797,228552.0
2003-08-01,269053.4800984817,298045.291666671,299500.34964746033,249312.88444523467,297036.8327275865,306656.4272646797,222390.0
2003-09-01,272633.10668855155,298045.291666671,299884.1012028248,249312.88444523467,297036.8327275865,282358.6919445262,227369.0
2003-10-01,273609.3684858433,298045.291666671,300267.8527582024,249312.88444523467,328992.448312675,282358.6919445262,304254.99999999994
2003-11-01,286734.6659827657,298045.291666671,300651.6043135668,249312.88444523467,328992.448312675,282358.6919445262,301014.0
2003-12-01,296985.41485432914,298045.291666671,301035.35586894455,249312.88444523467,328992.448312675,282358.6919445262,394146.99999999994
2004-01-01,308971.7402544111,336596.33333334205,335189.24429697497,294668.2516930249,348877.1644621676,309386.5098849218,363492.0
2004-02-01,315588.6257693886,336596.33333334205,335572.9958523526,294668.2516930249,348877.1644621676,309386.5098849218,326216.0
2004-03-01,313853.04924086994,336596.33333334205,335956.74740771705,294668.2516930249,348877.1644621676,309386.5098849218,332346.0
2004-04-01,315697.09930242103,336596.33333334205,336340.49896309467,294668.2516930249,359912.5853317737,309386.5098849218,259855.0
2004-05-01,319981.8038572015,336596.33333334205,336724.2505184592,294668.2516930249,359912.5853317737,309386.5098849218,249422.99999999997
2004-06-01,322693.642183012,336596.33333334205,337108.0020738368,294668.2516930249,359912.5853317737,309386.5098849218,235959.99999999997
2004-07-01,321771.61715223634,336596.33333334205,337491.75362920127,294668.2516930249,361782.2570511259,309386.5098849218,248155.0
2004-08-01,338693.48830529343,336596.33333334205,337875.5051845789,294668.2516930249,361782.2570511259,309386.5098849218,232494.0
2004-09-01,347045.95034878957,336596.33333334205,338259.2567399433,294668.2516930249,361782.2570511259,345969.61699616397,250027.99999999997
2004-10-01,356483.1477226098,336596.33333334205,338643.008295321,294668.2516930249,367730.5522603636,345969.61699616397,311468.0
2004-11-01,360496.6684448093,336596.33333334205,339026.7598506855,294668.2516930249,367730.5522603636,384190.7736795513,333831.0
2004-12-01,336090.12351251545,336596.33333334205,339410.5114060631,294668.2516930249,367730.5522603636,384190.7736795513,401977.0
2005-01-01,328551.21296676237,375147.37499999994,373564.3998340935,325942.65297084517,373163.1832939532,365080.1953378577,425039.0
2005-02-01,330612.2100943784,375147.37499999994,373948.15138947114,325942.65297084517,373163.1832939532,365080.1953378577,337263.0
2005-03-01,344334.1120229792,375147.37499999994,374331.90294483566,325942.65297084517,373163.1832939532,311024.5594570669,365855.0
2005-04-01,370042.33935166197,375147.37499999994,374715.6545002133,325942.65297084517,387530.1890086427,311024.5594570669,269607.0
2005-05-01,366842.3701272056,375147.37499999994,375099.40605557774,325942.65297084517,387530.1890086427,335868.3113012687,263080.0
2005-06-01,369716.91875256464,375147.37499999994,375483.15761095536,325942.65297084517,387530.1890086427,326768.0359004623,247275.99999999997
2005-07-01,398191.22117357404,375147.37499999994,375866.9091663199,325942.65297084517,407083.9255363408,344240.5646700107,255223.99999999997
2005-08-01,409472.4686089455,375147.37499999994,376250.6607216975,325942.65297084517,407083.9255363408,344240.5646700107,250390.0
2005-09-01,431926.4899466558,375147.37499999994,376634.41227706196,325942.65297084517,407083.9255363408,344240.5646700107,257683.99999999997
2005-10-01,438760.322527698,375147.37499999994,377018.1638324396,325942.65297084517,419860.3614698055,344240.5646700107,333378.99999999994
2005-11-01,423248.60730406246,375147.37499999994,377401.9153878041,325942.65297084517,419860.3614698055,376273.53408084967,363701.99999999994
2005-12-01,416197.8276569554,375147.37499999994,377785.6669431817,325942.65297084517,419860.3614698055,376273.53408084967,503609.0
2006-01-01,424496.0529339353,413698.416666671,411939.5553712252,356671.50743336335,440053.2310602789,417861.7926625357,403769.99999999994
2006-02-01,429377.361920394,413698.416666671,412323.30692658975,356671.50743336335,440053.2310602789,417861.7926625357,369547.99999999994
2006-03-01,431221.4119819451,413698.416666671,412707.05848196737,356671.50743336335,440053.2310602789,417861.7926625357,380258.99999999994
2006-04-01,447872.0993024211,413698.416666671,413090.81003733183,356671.50743336335,444928.6957712868,417861.7926625357,307253.0
2006-05-01,454055.09068526875,413698.416666671,413474.56159270945,356671.50743336335,444928.6957712868,417861.7926625357,276380.0
2006-06-01,456116.0878128848,413698.416666671,413858.31314807397,356671.50743336335,444928.6957712868,417861.7926625357,279418.0
2006-07-01,468156.64997948305,413698.416666671,414242.0647034516,356671.50743336335,468591.1448453971,470734.3927412215,287039.99999999994
2006-08-01,472983.7221994256,413698.416666671,414625.81625881605,356671.50743336335,468591.1448453971,470734.3927412215,269467.0
2006-09-01,454055.09068526875,413698.416666671,415009.56781419367,356671.50743336335,468591.1448453971,535437.3508409561,316122.99999999994
2006-10-01,421513.03077554377,413698.416666671,415393.3193695582,356671.50743336335,466577.2531654512,535437.3508409561,315970.99999999994
2006-11-01,410231.78334017243,413698.416666671,415777.0709249358,356671.50743336335,466577.2531654512,480926.70119012485,419669.99999999994
2006-12-01,411153.8083709479,413698.416666671,416160.82248030027,356671.50743336335,466577.2531654512,480926.70119012485,468451.0
2007-01-01,403614.897825195,452249.45833334205,450314.71090834384,410312.817625695,491402.79990737175,452806.85020163265,461725.99999999994
2007-02-01,404536.92285597057,452249.45833334205,450698.4624637083,410312.817625695,491402.79990737175,452806.85020163265,350887.0
2007-03-01,422760.47640541656,452249.45833334205,451082.21401908586,410312.817625695,491402.79990737175,434151.2856299791,419078.0
2007-04-01,440929.7931883464,452249.45833334205,451465.96557445044,410312.817625695,510230.2488637343,434151.2856299791,345166.0
2007-05-01,458882.16290521144,452249.45833334205,451849.71712982806,410312.817625695,510230.2488637343,464546.20546867314,308940.99999999994
2007-06-01,463329.5777595405,452249.45833334205,452233.4686851925,410312.817625695,510230.2488637343,464546.20546867314,302640.99999999994
2007-07-01,473417.6163315553,452249.45833334205,452617.2202405701,410312.817625695,525265.4391440526,464546.20546867314,316323.0
2007-08-01,472875.24866639316,452249.45833334205,453000.97179593466,410312.817625695,525265.4391440526,464546.20546867314,309352.0
2007-09-01,487031.0447271236,452249.45833334205,453384.7233513123,410312.817625695,525265.4391440526,540533.5050654076,319911.99999999994
2007-10-01,501891.9187525646,452249.45833334205,453768.47490667674,410312.817625695,554330.4301952256,540533.5050654076,399752.0
2007-11-01,539911.8920804267,452249.45833334205,454152.22646205436,410312.817625695,554330.4301952256,562465.1687813514,459067.0
2007-12-01,568440.4312679524,452249.45833334205,454535.9780174189,410312.817625695,554330.4301952256,562465.1687813514,489887.0
2008-01-01,576358.9991793188,490800.49999999994,488689.86644546245,451508.8450823322,562086.1439034154,540533.5050654076,528585.0
2008-02-01,578745.416906032,490800.49999999994,489073.61800084007,451508.8450823322,562086.1439034154,540533.5050654076,440978.0
2008-03-01,601687.5691423882,490800.49999999994,489457.36955620453,451508.8450823322,562086.1439034154,540533.5050654076,417593.0
2008-04-01,643721.0631924496,490800.49999999994,489841.12111158215,451508.8450823322,570078.4198491259,540533.5050654076,359252.9999999999
2008-05-01,721550.8231432087,490800.49999999994,490224.8726669466,451508.8450823322,570078.4198491259,540533.5050654076,347757.0
2008-06-01,794173.853508412,490800.49999999994,490608.6242223243,451508.8450823322,570078.4198491259,540533.5050654076,363768.0
2008-07-01,818960.0558063192,490800.49999999994,490992.37577768875,451508.8450823322,575408.333069055,540533.5050654076,391362.0
2008-08-01,763530.0804267543,490800.49999999994,491376.12733306637,451508.8450823322,575408.333069055,540533.5050654076,392751.0
2008-09-01,734187.9897414856,490800.49999999994,491759.87888843083,451508.8450823322,575408.333069055,540533.5050654076,417850.99999999994
2008-10-01,674093.6524415264,490800.49999999994,492143.6304438085,451508.8450823322,495990.8622508654,540533.5050654076,502258.0
2008-11-01,546908.4349610176,490800.49999999994,492527.38199917297,451508.8450823322,495990.8622508654,570382.408380053,493016.0
2008-12-01,478407.39885104646,490800.49999999994,492911.1335545506,451508.8450823322,495990.8622508654,596227.1905183436,491360.0
2009-01-01,464197.3660237998,529351.5416666709,527065.021982581,484137.76463148237,475451.4497334975,584942.8490213435,475294.0
2009-02-01,488549.6741895774,529351.5416666709,527448.7735379586,484137.76463148237,475451.4497334975,584942.8490213435,410095.99999999994
2009-03-01,495383.50677061954,529351.5416666709,527832.5250933231,484137.76463148237,475451.4497334975,584942.8490213435,463253.0
2009-04-01,507803.72630283143,529351.5416666709,528216.2766487007,484137.76463148237,498020.31723591144,596227.1905183436,382298.99999999994
2009-05-01,496576.7156339763,529351.5416666709,528600.0282040653,484137.76463148237,498020.31723591144,596227.1905183436,339665.99999999994
2009-06-01,544033.8863356586,529351.5416666709,528983.7797594429,484137.76463148237,498020.31723591144,605145.4604111341,361941.99999999994
2009-07-01,557864.2617972917,529351.5416666709,529367.5313148074,484137.76463148237,570431.1880980602,660839.1458640698,399983.0
2009-08-01,588616.5084119819,529351.5416666709,529751.282870185,484137.76463148237,570431.1880980602,660839.1458640698,382383.99999999994
2009-09-01,579992.8625359049,529351.5416666709,530135.0344255494,484137.76463148237,570431.1880980602,660839.1458640698,434250.0
2009-10-01,560793.047189167,529351.5416666709,530518.7859809271,484137.76463148237,576210.3620585442,660839.1458640698,467940.0
2009-11-01,592846.9762002464,529351.5416666709,530902.5375362915,484137.76463148237,576210.3620585442,660839.1458640698,559642.0
2009-12-01,595233.3939269594,529351.5416666709,531286.2890916691,484137.76463148237,576210.3620585442,660839.1458640698,654187.0
2010-01-01,608575.6384899467,567902.583333342,565440.1775196996,558968.421990429,597399.2831754206,678766.6884036589,666375.0
2010-02-01,589538.5334427576,567902.583333342,565823.9290750772,558968.421990429,597399.2831754206,678766.6884036589,521594.00000000006
2010-03-01,618663.6770619615,567902.583333342,566207.6806304548,558968.421990429,597399.2831754206,678766.6884036589,604348.0
2010-04-01,638243.1497743129,567902.583333342,566591.4321858194,558968.421990429,644321.6104983868,678766.6884036589,510336.99999999994
2010-05-01,631680.5010258515,567902.583333342,566975.183741197,558968.421990429,644321.6104983868,678766.6884036589,446416.0
2010-06-01,618392.4932293805,567902.583333342,567358.9352965615,558968.421990429,644321.6104983868,678766.6884036589,448796.0
2010-07-01,609443.4267542061,567902.583333342,567742.6868519391,558968.421990429,666468.1936557527,678766.6884036589,467388.0
2010-08-01,616548.4431678294,567902.583333342,568126.4384073035,558968.421990429,666468.1936557527,678766.6884036589,437246.99999999994
2010-09-01,607382.4296265902,567902.583333342,568510.1899626812,558968.421990429,666468.1936557527,714985.7844988687,459544.0
2010-10-01,630324.5818629462,567902.583333342,568893.9415180456,558968.421990429,687404.9892300083,714985.7844988687,564906.0
2010-11-01,653483.6811653672,567902.583333342,569277.6930734232,558968.421990429,687404.9892300083,664297.2505163765,644250.0
2010-12-01,709618.734509643,567902.583333342,569661.4446287878,558968.421990429,687404.9892300083,664297.2505163765,735172.0
2011-01-01,746174.3151415676,606453.6249999999,603815.3330568313,601293.7677287832,702699.5679286605,713256.7321727155,801968.0
2011-02-01,766730.0496512105,606453.6249999999,604199.0846121958,601293.7677287832,702699.5679286605,713256.7321727155,544966.0
2011-03-01,852695.3245794009,606453.6249999999,604582.8361675735,601293.7677287832,702699.5679286605,713256.7321727155,669566.0
2011-04-01,879271.340172343,606453.6249999999,604966.5877229379,601293.7677287832,697044.900408977,713256.7321727155,558755.0
2011-05-01,849875.0127205581,606453.6249999999,605350.3392783155,601293.7677287832,697044.900408977,767858.3845775547,524106.0
2011-06-01,821780.3676651622,606453.6249999999,605734.09083368,601293.7677287832,697044.900408977,767858.3845775547,519717.00000000006
2011-07-01,831217.5650389823,606453.6249999999,606117.8423890576,601293.7677287832,702304.2599791193,767858.3845775547,535978.0
2011-08-01,820261.7382027083,606453.6249999999,606501.5939444221,601293.7677287832,702304.2599791193,767858.3845775547,501955.99999999994
2011-09-01,844071.6787033237,606453.6249999999,606885.3454997997,601293.7677287832,702304.2599791193,767858.3845775547,520233.0
2011-10-01,849875.0127205581,606453.6249999999,607269.0970551643,601293.7677287832,701454.5035206568,825190.1196026357,667297.0
2011-11-01,841685.2609766105,606453.6249999999,607652.8486105419,601293.7677287832,701454.5035206568,825190.1196026357,665439.0
2011-12-01,849820.7759540417,606453.6249999999,608036.6001659064,601293.7677287832,701454.5035206568,825190.1196026357,823543.0
2012-01-01,885617.0418547394,645004.6666666709,642190.4885939499,633950.1273446757,708747.4682905384,825190.1196026357,752384.0
2012-02-01,917833.6811653671,645004.6666666709,642574.2401493144,633950.1273446757,708747.4682905384,825190.1196026357,730580.0
2012-03-01,951731.6602379975,645004.6666666709,642957.991704692,633950.1273446757,708747.4682905384,825190.1196026357,699708.0
2012-04-01,953413.0,645004.6666666709,643341.7432600565,633950.1273446757,713754.7023180602,825190.1196026357,575806.0
2012-05-01,887786.5125153877,645004.6666666709,643725.4948154341,633950.1273446757,713754.7023180602,825190.1196026357,569792.0
2012-06-01,805075.4435781698,645004.6666666709,644109.2463708117,633950.1273446757,713754.7023180602,825190.1196026357,562731.0
2012-07-01,806919.493639721,645004.6666666709,644492.9979261762,633950.1273446757,720226.9621323327,825190.1196026357,591863.0
2012-08-01,865712.1485432909,645004.6666666709,644876.7494815539,633950.1273446757,720226.9621323327,825190.1196026357,593523.0
2012-09-01,897386.4201887567,645004.6666666709,645260.5010369184,633950.1273446757,720226.9621323327,825190.1196026357,632894.0
2012-10-01,870105.3266311038,645004.6666666709,645644.252592296,633950.1273446757,719689.5093295444,825190.1196026357,731545.0
2012-11-01,835773.4534263439,645004.6666666709,646028.0041476605,633950.1273446757,719689.5093295444,825190.1196026357,834708.0
2012-12-01,822648.1559294214,645004.6666666709,646411.7557030381,633950.1273446757,719689.5093295444,825190.1196026357,953413.0
2013-01-01,821346.4735330325,683555.708333342,680565.6441310685,672690.2050137692,734852.3187116829,825190.1196026357,912518.0
2013-02-01,873088.3487894952,683555.708333342,680949.3956864461,672690.2050137692,734852.3187116829,837475.4913937248,784626.0
2013-03-01,834092.1136643414,683555.708333342,681333.1472418106,672690.2050137692,734852.3187116829,874513.6122750072,772515.0
2013-04-01,797753.4800984818,683555.708333342,681716.8987971882,672690.2050137692,744821.1344050991,874513.6122750072,714999.0
2013-05-01,782784.1325400083,683555.708333342,682100.6503525526,672690.2050137692,744821.1344050991,874513.6122750072,619777.0
2013-06-01,796722.9815346738,683555.708333342,682484.4019079304,672690.2050137692,744821.1344050991,874513.6122750072,606319.0
2013-07-01,823353.2338941322,683555.708333342,682868.1534632948,672690.2050137692,752751.1571304094,874513.6122750072,641856.0
2013-08-01,822376.9720968404,683555.708333342,683251.9050186725,672690.2050137692,752751.1571304094,883704.8904298218,586780.0
2013-09-01,818634.6352072221,683555.708333342,683635.6565740369,672690.2050137692,752751.1571304094,883704.8904298218,598554.0
2013-10-01,787611.2047599509,683555.708333342,684019.4081294145,672690.2050137692,760031.671256211,883704.8904298218,737751.0
2013-11-01,789943.3857201478,683555.708333342,684403.159684779,672690.2050137692,760031.671256211,883704.8904298218,840299.0
2013-12-01,810010.9893311448,683555.708333342,684786.9112401566,672690.2050137692,760031.671256211,883704.8904298218,879650.0
2014-01-01,794607.7476405415,722106.7499999999,718940.799668187,712325.0203009871,779080.1191449944,953413.0,822219.0
2014-02-01,799868.7139926137,722106.7499999999,719324.5512235647,712325.0203009871,779080.1191449944,953413.0,693959.0
2014-03-01,797048.4021337711,722106.7499999999,719708.3027789292,712325.0203009871,779080.1191449944,953413.0,734898.0
2014-04-01,776275.7205580632,722106.7499999999,720092.0543343069,712325.0203009871,792585.9553108145,953413.0,610440.0
2014-05-01,766621.5761181781,722106.7499999999,720475.8058896713,712325.0203009871,792585.9553108145,953413.0,603318.0
2014-06-01,761631.7935986869,722106.7499999999,720859.5574450489,712325.0203009871,792585.9553108145,953413.0,589802.0
2014-07-01,757509.7993434551,722106.7499999999,721243.3090004134,712325.0203009871,780285.7565134114,940490.6089308546,640610.0
2014-08-01,722852.505539598,722106.7499999999,721627.060555791,712325.0203009871,780285.7565134114,940490.6089308546,584391.0
2014-09-01,700073.0636027905,722106.7499999999,722010.8121111555,712325.0203009871,780285.7565134114,940490.6089308546,565183.0
2014-10-01,648765.0824784571,722106.7499999999,722394.5636665331,712325.0203009871,779126.8090602948,940490.6089308546,675401.0
2014-11-01,608575.6384899467,722106.7499999999,722778.3152219107,712325.0203009871,779126.8090602948,940490.6089308546,691813.0
2014-12-01,497064.8465326222,722106.7499999999,723162.0667772753,712325.0203009871,779126.8090602948,940490.6089308546,846801.0
2015-01-01,387615.0517029135,760657.7916666709,757315.9552053188,773006.8134783037,791385.5057107643,866960.3836923378,700563.0
2015-02-01,421404.55724251136,760657.7916666709,757699.7067606833,773006.8134783037,791385.5057107643,866960.3836923378,572869.0
2015-03-01,451072.0685268773,760657.7916666709,758083.458316061,773006.8134783037,791385.5057107643,735097.3931346514,630065.0
2015-04-01,440278.9519901519,760657.7916666709,758467.2098714254,773006.8134783037,798009.2483613442,735097.3931346514,536267.0
2015-05-01,483939.54903569975,760657.7916666709,758850.961426803,773006.8134783037,798009.2483613442,618340.8597423035,505890.00000000006
2015-06-01,490556.4345506772,760657.7916666709,759234.7129821675,773006.8134783037,798009.2483613442,618340.8597423035,514007.0
2015-07-01,452048.3303241692,760657.7916666709,759618.4645375451,773006.8134783037,807216.4996585314,618340.8597423035,531214.0
2015-08-01,408984.3377102996,760657.7916666709,760002.2160929096,773006.8134783037,807216.4996585314,618340.8597423035,488926.0
2015-09-01,393960.7533853099,760657.7916666709,760385.9676482872,773006.8134783037,807216.4996585314,659747.1128159732,502257.00000000006
2015-10-01,387831.99876897834,760657.7916666709,760769.7192036518,773006.8134783037,810001.2937177665,659747.1128159732,582921.0
2015-11-01,375032.1218711531,760657.7916666709,761153.4707590294,773006.8134783037,810001.2937177665,659747.1128159732,633643.0
2015-12-01,340808.72219942557,760657.7916666709,761537.2223143938,773006.8134783037,810001.2937177665,659747.1128159732,708636.0
2016-01-01,284294.0114895364,799208.833333342,795691.1107424374,825818.8593280402,811601.2014820512,570564.4138880692,737007.0
2016-02-01,267968.74476815754,799208.833333342,796074.8622978019,825818.8593280402,811601.2014820512,570564.4138880692,576168.0
2016-03-01,295792.2059909725,799208.833333342,796458.6138531795,825818.8593280402,811601.2014820512,484748.8168584636,605263.0
2016-04-01,307236.1637258926,799208.833333342,796842.365408544,825818.8593280402,835435.8844659354,484748.8168584636,508759.0
2016-05-01,342381.5884283956,799208.833333342,797226.1169639216,825818.8593280402,835435.8844659354,428509.1148814792,493899.00000000006
2016-06-01,367113.5539597866,799208.833333342,797609.868519286,825818.8593280402,835435.8844659354,428509.1148814792,487473.0
2016-07-01,351873.02256873215,799208.833333342,797993.6200746637,825818.8593280402,823323.482883406,428509.1148814792,500368.00000000006
2016-08-01,325893.6114074682,799208.833333342,798377.3716300282,825818.8593280402,823323.482883406,428509.1148814792,465488.00000000006
2016-09-01,333595.23225276987,799208.833333342,798761.1231854059,825818.8593280402,823323.482883406,428509.1148814792,473692.0
2016-10-01,368903.3672548216,799208.833333342,799144.8747407703,825818.8593280402,841673.6571500342,428509.1148814792,591924.0
2016-11-01,374001.6233073452,799208.833333342,799528.6262961479,825818.8593280402,841673.6571500342,475466.53594964097,684233.0
2016-12-01,414950.38202708255,799208.833333342,799912.3778515124,825818.8593280402,841673.6571500342,475466.53594964097,735859.0
2017-01-01,452699.1715223637,837759.8749999999,834066.266279556,886390.3179114092,864810.066511763,475466.53594964097,715626.0
2017-02-01,439682.34755847364,837759.8749999999,834450.0178349336,886390.3179114092,864810.066511763,475466.53594964097,633160.0
2017-03-01,418584.2453836685,837759.8749999999,834833.769390298,886390.3179114092,864810.066511763,500856.3043178911,659824.0
2017-04-01,423031.66023799754,837759.8749999999,835217.5209456757,886390.3179114092,864363.918432228,500856.3043178911,549691.0
2017-05-01,398679.35207222006,837759.8749999999,835601.2725010401,886390.3179114092,864363.918432228,537348.4086751253,512652.00000000006
2017-06-01,372591.4673779238,837759.8749999999,835985.0240564179,886390.3179114092,864363.918432228,537348.4086751253,492595.99999999994
2017-07-01,381649.0073861306,837759.8749999999,836368.7756117823,886390.3179114092,891294.6615773484,537348.4086751253,490124.0
2017-08-01,401662.3742306114,837759.8749999999,836752.52716716,886390.3179114092,891294.6615773484,537348.4086751253,484551.00000000006
2017-09-01,431112.93844891276,837759.8749999999,837136.2787225244,886390.3179114092,891294.6615773484,537348.4086751253,544947.0
2017-10-01,444455.1830119,837759.8749999999,837520.030277902,886390.3179114092,865627.658806352,537348.4086751253,563796.0
2017-11-01,472495.59130077966,837759.8749999999,837903.7818332665,886390.3179114092,865627.658806352,455991.9465919149,746759.0
2017-12-01,480739.57981124334,837759.8749999999,838287.5333886441,886390.3179114092,865627.658806352,455991.9465919149,838623.0
2018-01-01,491044.56544932286,876310.9166666709,872441.4218166745,926270.5622606993,883565.9242646655,455991.9465919149,842024.0
2018-02-01,483722.6019696348,876310.9166666709,872825.1733720521,926270.5622606993,883565.9242646655,455991.9465919149,661919.0
2018-03-01,476997.24292162503,876310.9166666709,873208.9249274167,926270.5622606993,883565.9242646655,455991.9465919149,647226.0
2018-04-01,499342.79072630295,876310.9166666709,873592.6764827943,926270.5622606993,903905.0889230792,455991.9465919149,580667.0
2018-05-01,543654.2289700452,876310.9166666709,873976.4280381588,926270.5622606993,903905.0889230792,478378.62407789903,584369.0
2018-06-01,544196.5966352072,876310.9166666709,874360.1795935364,926270.5622606993,903905.0889230792,478378.62407789903,570856.0
2018-07-01,567735.3533032418,876310.9166666709,874743.9311489009,926270.5622606993,926840.212872181,512231.6485688993,589012.0
2018-08-01,570284.4813295036,876310.9166666709,875127.6827042785,926270.5622606993,926840.212872181,512231.6485688993,569973.0
2018-09-01,600060.466146902,876310.9166666709,875511.434259643,926270.5622606993,926840.212872181,512231.6485688993,582462.0
2018-10-01,617687.4152646698,876310.9166666709,875895.1858150206,926270.5622606993,932187.7645045567,512231.6485688993,715571.0
2018-11-01,535301.766926549,876310.9166666709,876278.937370385,926270.5622606993,932187.7645045567,512231.6485688993,741783.0
2018-12-01,465444.81165367266,876310.9166666709,876662.6889257628,926270.5622606993,932187.7645045567,512231.6485688993,854757.0
2019-01-01,439302.69019286014,914861.958333342,910816.5773538062,943057.1826255679,899986.2486988876,512231.6485688993,772539.0
2019-02-01,463980.4189577349,914861.958333342,911200.3289091708,943057.1826255679,899986.2486988876,512231.6485688993,600861.0
2019-03-01,504983.4144439886,914861.958333342,911584.0804645484,943057.1826255679,899986.2486988876,512231.6485688993,679395.0
2019-04-01,533295.0065654492,914861.958333342,911967.8320199129,943057.1826255679,912814.5623160191,512231.6485688993,627743.0
2019-05-01,546637.2511284365,914861.958333342,912351.5835752905,943057.1826255679,912814.5623160191,512231.6485688993,581306.0
2019-06-01,500861.4201887566,914861.958333342,912735.335130655,943057.1826255679,912814.5623160191,512231.6485688993,565142.0
2019-07-01,507044.4115716045,914861.958333342,913119.0866860326,943057.1826255679,936360.805378716,553819.9071505852,553295.0
2019-08-01,502380.0496512105,914861.958333342,913502.838241397,943057.1826255679,936360.805378716,553819.9071505852,514525.99999999994
2019-09-01,505580.0188756668,914861.958333342,913886.5897967747,943057.1826255679,936360.805378716,553819.9071505852,524795.0
2019-10-01,508563.0410340584,914861.958333342,914270.3413521393,943057.1826255679,953413.0,553819.9071505852,628223.0
2019-11-01,512685.0352892901,914861.958333342,914654.0929075169,943057.1826255679,953413.0,553819.9071505852,714870.0
2019-12-01,528576.4078785393,914861.958333342,915037.8444628813,943057.1826255679,953413.0,553819.9071505852,755546.0
2020-01-01,525051.0180549857,953413.0,949191.732890925,953413.0,944478.6253189001,553819.9071505852,687084.0
2020-02-01,474393.878128847,953413.0,949575.4844462895,953413.0,944478.6253189001,553819.9071505852,633396.0
2020-03-01,345364.61058678705,953413.0,949959.2360016671,953413.0,944478.6253189001,553819.9071505852,616998.0
2020-04-01,223277.64915880183,953413.0,950342.9875570316,953413.0,831440.265269917,553819.9071505852,534319.0
2020-05-01,222518.3344275749,953413.0,950726.7391124092,953413.0,831440.265269917,553819.9071505852,439949.0
2020-06-01,305500.58719737385,953413.0,951110.4906677736,953413.0,831440.265269917,553819.9071505852,446235.0
2020-07-01,328117.3188346328,953413.0,951494.2422231513,953413.0,920599.3275270623,428964.1286515196,485652.0
2020-08-01,336524.017644645,953413.0,951877.9937785158,953413.0,920599.3275270623,446709.6656830924,457969.99999999994
2020-09-01,317812.3331965532,953413.0,952261.7453338935,953413.0,920599.3275270623,376728.54785088997,525619.0
2020-10-01,300836.2252769799,953413.0,952645.4968892579,953413.0,951652.2714163479,321398.87341398635,600890.0
2020-11-01,303602.3003693065,953413.0,953029.2484446355,953413.0,951652.2714163479,317394.7522376314,665901.0
2020-12-01,357242.46245383675,953413.0,953413.0,953413.0,951652.2714163479,364261.1705517851,811928.0
2021-01-01,819274.9760002415,621267.233899625,610159.4348710328,605417.1980969958,696133.3587702529,739127.076033155,740777.8413609798
2021-02-01,844373.5843855476,619419.880801169,608563.8806850812,603579.8337366494,699621.5631156825,740365.3481438444,651345.5267167825
2021-03-01,857412.760336761,616979.5102746199,606859.7107804556,598928.2036522188,702650.6684863798,756809.7690169916,604970.0825020135
2021-04-01,845755.2032077815,614921.4884349088,598267.1600380299,602198.3458947218,697041.8674582362,773701.9162916634,582204.1491406063
2021-05-01,833213.8184200013,621606.3022063972,606831.8847034012,598984.2299551428,701248.7271362402,787467.0836675375,555250.9399015112
2021-06-01,850084.4686736644,610296.7843009448,607840.8810196845,599600.2406836194,689006.169724091,777114.9639180475,551627.0904073301
2021-07-01,868443.4703560005,622379.582748861,614891.4101980199,593282.5156092023,704633.2107459904,796053.6181964641,550493.5692510793
2021-08-01,863671.1873109093,612158.2383195525,607714.1461868171,593378.1845207562,695119.1458564684,811183.1333209414,587995.0413622381
2021-09-01,864356.2296292791,608262.2584715451,606278.0105158214,588668.7217030377,695213.0720126065,823947.0636502652,691518.0037592873
2021-10-01,866352.2507821673,612481.7144220206,609772.0800437982,591662.9204734553,697271.3906160872,832610.2318171725,758277.611223888
2021-11-01,873637.7169527115,625167.7373095613,621777.7044924014,603564.5554698912,700072.9914250751,836784.4991172783,788354.3569898984
2021-12-01,880081.6842695938,641166.6976510136,635818.9788441621,618038.7989463746,704272.4261798788,841994.1245839352,806112.6975834883
2022-01-01,884982.7197297948,650545.9139194916,643122.5900694943,628838.7990118151,705152.3936737151,843334.2045265393,780524.8804208776
2022-02-01,890400.0065689686,655312.4888858155,646878.1208069716,634266.44821376,706258.9705257538,841059.8725296071,714312.5534367106
2022-03-01,889974.0143305495,658066.7912962576,649067.4574160888,637731.1277281741,707646.4833017305,841864.0432961155,677602.0205481377
2022-04-01,884216.85533173,651581.5113443532,654082.4686465818,639433.593980261,716384.9333414532,840873.0981383746,616758.718279122
2022-05-01,870910.5167394765,641830.2859591604,643643.9455191295,635196.3913752557,703699.548594777,840138.8654344568,603272.242343224
2022-06-01,861477.5397548885,649391.5108571595,652163.0796231623,644343.7413254569,711276.8670275969,843715.2383190473,606290.2791766429
2022-07-01,856499.5453393208,651270.1974926388,650764.171845416,643111.9894849758,707483.8020056944,836624.3608360038,605474.6222829294
2022-08-01,841093.6538621834,647333.6878553353,649258.1823295326,634989.3259246027,702936.0979808596,825995.9389579687,691228.7951930177
2022-09-01,828191.9223558181,643460.5080850348,649404.3228409147,632381.4156611279,704120.6101969901,821923.4794897776,783910.9782106163
2022-10-01,854392.4869557421,650888.7104366444,655373.7338761025,654973.2628955226,707233.9875683634,841073.2636803873,780291.1455020778
2022-11-01,813617.8719215222,659432.3933342099,659467.1361976827,647355.5550387253,712984.9504239343,833497.205507283,893169.8317448442
2022-12-01,807848.8200185209,672251.05766219,671612.7817299342,645889.2368674264,712693.1667398595,845166.5115944403,921064.2289923604
2023-01-01,805005.7812629305,688281.2024122503,685013.0089141314,675360.7438276066,723738.3104735798,841944.858013925,879065.0858619916
2023-02-01,808591.6436393425,695122.1867741373,692215.2124798725,686871.9831595062,729504.4566827404,855796.9216782685,765475.376053477
2023-03-01,805336.5198929145,696926.6074588298,693531.9945684348,689014.4455197991,736210.9351868882,872555.5083049834,715874.1641791626
2023-04-01,802589.3418081538,694146.4229834325,691336.3735874399,682934.8996369272,739109.6919058415,879356.5170787785,683420.4264387464
2023-05-01,798420.0096894582,694302.8421211898,691563.4356957567,680523.5577561208,742905.7058334122,889902.8377529031,659115.2765711825
2023-06-01,794688.9766195418,694510.3791657249,691876.8460633382,680375.700082764,743626.0813609604,898486.5946413841,635239.0170215983
2023-07-01,791670.1933007636,698677.6236010443,695668.2356576716,685064.9236906357,745413.609680243,902468.8831292118,632445.841423664
2023-08-01,785246.2314491525,696676.1380005311,694822.022716877,683251.8607616506,745553.6475934687,906290.4485693558,678598.4984295222
2023-09-01,779927.1783428953,690450.5237591983,690630.6105850674,677857.302488061,746956.5543591542,910706.9845929666,755279.960233943
2023-10-01,776576.0559569118,692483.7405725087,691837.3419409049,680292.658209325,751594.1122418232,916182.4448694368,809949.4629702299
2023-11-01,772438.3738639621,699722.6492557138,698646.5660841087,689350.2258742823,758951.7898613828,924619.22072086,854803.9106084893
2023-12-01,775028.2124135846,723679.9303252874,714962.2799759656,706041.7502820952,767948.3393591237,937121.7897034045,859583.0979181958
2024-01-01,769705.6824954322,735357.5302991869,720299.394130417,730215.599128796,760594.804249908,936230.2840736195,801195.495619381
2024-02-01,764209.863857415,741275.989714608,739875.0475853735,719459.3757912256,787917.240258403,932298.5486419033,690871.6950733372
2024-03-01,758993.7078270142,719867.9926241764,717286.6398611747,716713.6735360231,778348.0413646894,933705.7012916907,654864.3622072346
2024-04-01,762486.1653759194,721218.2344353596,715533.2506240476,710864.9013789266,770858.8390417205,948190.9500243698,635689.9734071116
2024-05-01,739081.0127273682,726209.7281915054,718786.1800610366,716860.0213571355,777898.7369694982,950327.8034384005,623427.2650369189
2024-06-01,735613.086017947,722072.8396735982,716604.90922055,716025.5044523687,775714.2297776272,946984.3722530819,603901.5518873205
2024-07-01,716822.2698169543,728585.7415219689,721311.9367457915,721315.6672279208,777623.7515159269,946694.5912587951,584574.3677117716
2024-08-01,666733.7724024355,730771.168737762,722976.8004609563,720550.6754241198,778265.4193469465,933022.0216438842,589263.6236540349
2024-09-01,576450.2941653974,715099.0813126805,729580.8175948932,722128.5069683223,777349.5910538224,927738.6278946536,629263.9958711782
2024-10-01,516281.0221055062,726220.0677616284,720881.2345975735,725258.107131081,770666.7037950213,934419.5256479129,756355.1198576214
2024-11-01,449009.0527710215,730906.9584447453,726178.5477301328,735257.9663919609,773343.6957865126,903385.2413314056,796195.4901133332
2024-12-01,432764.26573762135,754984.635854885,746694.0859051319,756461.7561297221,787860.7546724468,861274.0777773262,794711.9835361547
2025-01-01,436260.95978871954,771482.6792926561,760972.4262275291,780322.3465845843,795976.8627450835,777088.7663828965,714270.495328217
2025-02-01,436982.55519643583,775905.9606471099,765458.214172729,788616.9715309294,801256.1937768316,710439.4593184501,644204.2331676987
2025-03-01,436725.95233676274,770039.8453054363,761925.7374008748,783648.4791811486,805610.9551165103,690511.4972282395,589122.0516502577
2025-04-01,430626.5912314371,765759.3461236579,757679.8772072059,778718.847552228,808366.3212973413,675042.3497730555,557806.7969777684
2025-05-01,423967.8031589438,762117.2988271473,753419.3699735701,775116.5198415378,809432.2453783812,662914.440629154,531919.0860740086
2025-06-01,414013.64155112347,764032.7373320701,755951.5594799322,776905.3712113189,811229.9017843937,652894.5559152891,515228.3769127047
2025-07-01,401420.26583586115,767336.9259189543,760483.993628991,780607.133476958,812580.8165346653,643593.9631235764,508010.2918733942
2025-08-01,388327.2734584595,766517.780103894,761176.5940886902,778751.8845572888,811557.9675399949,638131.3677081179,537083.8060449052
2025-09-01,373593.98641904263,764674.7185898317,761510.5070133427,776790.9459805154,813410.8281622392,632850.6200268908,616800.9339086212
2025-10-01,357657.79144818854,765238.1588822363,764038.2100389941,778106.3867739687,817372.3669734547,619162.1009081576,689527.9358816211
2025-11-01,350570.2690088466,773050.4166125472,778367.3531576731,789919.4707337169,822226.265703517,598755.6537032761,741413.2285905421
2025-12-01,314988.7968215297,805670.4347645154,802053.1342703884,832279.9571987608,826017.961590645,505650.4068662653,646558.3058357907
2026-01-01,344495.7336511569,777731.0273324003,807909.8719609653,813535.8246136251,805817.4136193129,546005.2281638433,728085.245039772
2026-02-01,294317.9083849849,803828.1023227053,787857.480447264,829308.6758284805,823042.0242870274,451877.5748225566,618215.1049898376
2026-03-01,312459.94044880243,815445.3384280828,794273.7416623451,835202.9232972221,829252.2792004398,442617.30624327477,571384.8451249182
2026-04-01,309065.9925702661,807280.6571129244,798085.4028919481,828310.807290421,832543.2930323102,425511.375678826,535968.1372692884
2026-05-01,316273.86512930394,803882.9153002161,797008.9114320333,824573.6713436284,834794.4314498773,424116.345967668,520354.95054674696
2026-06-01,325502.8898446722,803259.8899210133,797757.9557777315,824952.680205822,837473.6526736298,422442.10856986704,502307.32918975974
2026-07-01,335436.520843758,801692.1526011222,796650.3558523012,823558.7989933885,836622.9636003579,417423.41299074073,486338.8472757269
2026-08-01,357935.18447026185,823102.4860367256,811037.7407481463,837737.8933177498,839423.6516528295,428659.6703132546,569583.8024539641
2026-09-01,375308.7514255293,791437.419976625,784149.1732181489,829005.1955273673,848068.7196797219,460445.80981765204,652952.1884668344
2026-10-01,377248.8124631492,803519.0419670434,796927.4950026673,827345.8679108331,845980.4731943096,459248.97206187446,694945.1095174822
2026-11-01,383294.7538023739,813013.4185117303,805376.1319796517,840789.0171126656,855844.2818066969,477192.10538539506,743529.6283146945
2026-12-01,393903.70032464626,830016.1456463035,822997.6756689246,862422.6474048463,862058.8898665722,489628.47241448803,749799.2793793267
2027-01-01,399551.40011007903,844774.722109129,834189.5646786421,878603.7698563451,868101.3380050489,500151.4974567695,714385.2756342929
2027-02-01,407137.7967673533,846583.5503669828,837161.0994063556,882975.2594389397,870756.897771415,506341.10371098714,635880.2981621199
2027-03-01,410500.7154794106,845063.136464193,836322.1275134729,883104.9988853644,873826.9192082604,512724.42845755146,586312.362600237
2027-04-01,413220.41364316887,841901.7797594557,832103.7140253276,880267.3394387086,875868.9661715354,519224.9550117636,559180.8527095605
2027-05-01,421424.4342008496,840945.7009195618,832290.793673194,879647.8686321719,878900.019926335,521849.43782519584,543098.1549397218
2027-06-01,429171.58856844914,842399.8023870441,834256.7299339861,881346.6681002369,881499.4451669431,521546.221822648,528918.9672549759
2027-07-01,443191.946360752,845748.5638002596,837094.4289834431,882894.3385484153,882334.2312132182,517442.0680150556,536140.9771926759
2027-08-01,459862.3056902616,844892.3015796297,836008.7996179633,881846.5729885666,883770.0674255335,512342.1045241523,608617.8226820428
2027-09-01,475201.62725710066,841798.3177789307,834255.3444031784,878092.5051273197,887843.8050762247,502833.38605767593,702497.3753701594
2027-10-01,490181.69205828995,843579.772687677,838033.1261056506,877529.1864447276,892206.6759064912,493286.4933090217,766308.0058355434
2027-11-01,499998.30488241307,850791.0263347679,843806.9958583964,883103.9204194755,894035.2782690115,488915.572720151,806393.6625504652
2027-12-01,504867.1246450914,860446.726685091,851790.5233387721,891011.6637026389,896673.2148134075,484697.6343336169,835291.3898431093
2028-01-01,470759.8960083488,448928.8352691001,452873.67865748797,406725.8263260475,522840.64087523567,502613.9380392575,297981.73801735876
2028-02-01,488830.2682731679,447075.10626976314,451909.97984554246,405243.7138097509,527758.8932597757,510785.4978141019,325344.70055755886
2028-03-01,509626.10543763364,446722.7526632618,452317.6209362181,405272.6126252439,533899.209560992,519665.9934198108,389856.39916474273
2028-04-01,525298.1528803937,446770.5627992029,449112.3948320329,402369.5013388421,542925.7987200522,527543.8954533904,435261.942438288
2028-05-01,557163.3057012717,458043.86917702155,475335.9962241654,423931.559516003,563258.3322323578,549554.6639004762,509452.2028922101
2028-06-01,575185.1893964257,473624.4247436746,473418.398578336,438601.1243246001,562024.9920614826,524564.9677614542,483753.6466551772
2028-07-01,590678.3805931597,475670.1755763078,482392.61370653135,447243.849409015,560236.1121688797,529309.1538268046,440518.69394450786
2028-08-01,605618.7944068575,482199.3723318813,483760.9692862695,450789.47971876146,563551.6490952376,525251.2029913778,397725.4349114746
2028-09-01,647868.7533902983,479688.5947809818,480510.7725234676,444075.5704392099,567126.2819319182,524235.6857035052,349980.5673789486
2028-10-01,759853.0799642716,482639.81234692247,481171.14697405475,441418.52010959666,571041.24897075,528911.2150359458,334533.3749661735
2028-11-01,799682.001204352,481914.3929889848,480777.2005215426,439552.09414761356,566798.6288908591,528603.1720562748,350299.05883557413
2028-12-01,790514.6275875947,482250.1880408173,481879.4922380932,440611.06341897446,564099.988801277,525330.7350179638,376905.7775009254
2029-01-01,767891.5894453769,482190.5150597402,482865.83074087556,440447.78380929946,560576.3248027144,522961.8754192828,380220.79065073316
2029-02-01,736519.1923808669,479628.5072381123,482412.9735963329,440599.27471622906,555313.779317366,527540.5248376249,413121.5895294292
2029-03-01,682750.0451095602,479433.0094636338,485407.20728108997,445882.04589960264,546509.8483442459,544620.280915751,472093.1955028321
2029-04-01,553185.4538687228,471365.2941730953,472291.3219415021,442894.6775080115,486018.1221147158,548538.0548842809,481898.3820882284
2029-05-01,478871.2402999615,485347.0204363335,484639.3892907378,447044.89117762895,457675.62136194407,562040.3656437837,493479.0677539853
2029-06-01,467747.95405548305,505192.46813791816,503019.9526669822,467570.1859020025,458150.63845923723,569638.5962737711,462986.1360445521
2029-07-01,474077.5587335555,512395.6526790615,510816.87418675405,478494.0466699804,460840.21166663454,567902.5459273752,428181.7711353444
2029-08-01,482839.89788117603,513187.9161398503,512165.0915240136,482178.19857745053,464823.5508409386,568290.7889492143,397412.0054993895
2029-09-01,497876.267700363,511098.0583242099,510153.10378254135,481081.6973058542,475032.168827238,573918.0605990606,358657.4502364952
2029-10-01,514977.79280816903,508348.10054304474,508031.6836123801,477397.7971453499,484409.83459917153,586140.2836364855,334556.46381294663
2029-11-01,540082.1421191611,510203.0154282782,510674.4974457083,480251.1102776287,506509.35196459154,601027.0834104649,347445.47931767715
2029-12-01,558593.9326477345,516155.5308205312,516384.71826525265,484351.74281636946,543207.0464918858,621622.912307073,372250.09666377725
2030-01-01,575939.2475023338,513851.1851113843,513777.52830209513,479461.57536669564,562091.3683623315,641267.5633594423,370682.91594614036
2030-02-01,580422.6033020208,513363.22595089086,512551.9452621936,479139.5258904063,570864.8903424555,652547.04081789,404889.66173326847
2030-03-01,579596.9336329036,515795.66128845734,513979.3381895754,483108.9201315732,570468.6833420072,657785.6724537801,487977.5307175955
2030-04-01,586101.8952289012,517352.7992285399,518938.5387194514,495261.30392264086,571501.455875737,651876.4295181233,556539.8258704392
2030-05-01,588744.7101130142,530067.4213595223,526858.2033812487,504593.26879488927,568705.6298454233,653315.5870192212,626704.1924887442
2030-06-01,599835.264993606,549523.906459401,545227.1777688969,524825.396039165,575839.946844309,646021.6203093259,616637.7245533322
2030-07-01,596611.6223462125,556898.3189723985,554319.4200965249,544032.8469403625,582601.3979595285,658308.0835423551,578036.1884347084
2030-08-01,617970.9761102084,570967.4619674349,562964.9718247714,565147.4596094538,606848.32661102,670141.5635005624,558296.7592124752
2030-09-01,622874.6343758195,552755.0369447948,551633.9807124157,551146.6909988777,607977.6434161932,661542.6378941606,488104.0262967062
2030-10-01,624640.8227189837,551115.9831890054,550062.659512728,550607.6226166354,619445.4131697657,675319.348460005,441709.27403065935
2030-11-01,610529.0282168501,554529.6882822342,555080.7153228037,553138.4392047373,638061.4083947557,686348.7514223785,432066.89032006747
2030-12-01,607843.6449562544,557174.7599368403,558557.9343560634,556847.583509265,645835.2815075107,687314.7248574523,447402.1809204387
2031-01-01,613307.8503947617,554766.3233422647,556037.4559920061,553033.5388483488,650323.262392183,688282.1488406473,429102.26220006647
2031-02-01,610151.0135516638,555249.2220585713,556000.2825695692,552799.9263449748,653017.9097554025,693134.7819870542,448661.098607885
2031-03-01,621507.568626961,553465.209198349,558238.683051361,543872.6099966023,670338.0332388196,672761.9710468301,570979.6444939147
2031-04-01,641228.7916954843,546267.1149976756,548549.5444832231,539509.0971994755,671065.4303897812,662177.8252819179,640186.598086987
2031-05-01,685638.867367989,563963.2551281234,565720.8633936525,560119.975041074,691067.8879516227,675841.0113711281,742131.516971746
2031-06-01,734563.852820112,585808.4333172152,588037.960404972,590384.0360321763,699460.3556291224,687334.8798418716,715418.2463076856
2031-07-01,762953.8016583809,595848.442279713,597555.4964493475,605625.8347155333,703187.6106160076,690571.5260367569,658905.163709736
2031-08-01,829212.1523160685,601543.5247643223,600633.8136292335,609149.4762299526,700499.6103969151,703481.1600115298,636471.8113158932
2031-09-01,867013.561280695,595371.9433610765,594983.928377367,599150.1475131097,708107.6051273799,733896.4362414718,578457.8661689392
2031-10-01,863724.3502399834,591132.3634125069,594679.1633084097,591119.8967538055,695932.2866290368,740896.6593223844,515809.9861088897
2031-11-01,839785.9154514755,595922.8242320777,598474.7866369593,601553.7494146263,696257.1087139933,751590.8482484401,504297.9274964425
2031-12-01,831016.7867305398,600965.8647960015,602029.5901492019,600458.5025373942,702230.5910002397,757540.6759936318,521773.4784639613
2032-01-01,830131.9803274885,598498.4328694326,601084.6996957978,597406.0618955971,705522.1282266745,765904.7807626221,501591.7463685723
2032-02-01,829988.3831000769,597244.9574561015,600375.8715572343,595005.4549148811,705532.7162984902,773441.6761104793,520232.62105107843
2032-03-01,844940.0487205719,599570.7686965177,603273.6807405637,596164.5587121393,703856.8833120263,791766.1298766069,631826.5507512828
2032-04-01,854637.0054587835,598720.1038432266,602133.4160880186,591762.0945827455,702558.6182602906,804427.9491565889,719595.913970765
2032-05-01,868069.2167296667,609951.4119225397,611190.6381386317,601228.6919961416,703545.2794029864,809091.9957783276,799343.5521399128
2032-06-01,890175.2472992036,629465.0268263461,630220.8498182312,621221.880444018,711282.9695562661,818873.3013305408,763700.8079808957
2032-07-01,927731.4186742507,641542.5751090508,641322.1826401821,629615.1676899301,713922.5792426678,822588.2008754101,693858.7158897374
2032-08-01,947627.6058996202,643125.3002813,642981.5294909556,629913.9305718787,712104.5768669929,823555.4569004015,653055.6346712444
2032-09-01,925268.9708286364,641559.2612211944,635846.7259154445,622875.2416635979,711406.3561120087,820941.9661783323,596004.9521728016
2032-10-01,877310.7198970879,643784.1505821911,638548.6305292533,627003.6575183452,715431.0919408954,818486.5699325332,558478.7168267975
2032-11-01,847149.3740787486,647622.6101072588,646877.7173762851,634352.7243927228,719633.600819012,833109.6829614916,564214.4171775532
2032-12-01,843220.6517785642,649628.5231461121,649241.9660416169,637324.6233673093,724636.9552536163,827309.414362047,594044.8369791617
2033-01-01,866898.1942897745,647571.1087768971,646724.234521168,633941.8733444643,727922.5218900337,817558.0359079107,572686.4824430393
2033-02-01,876175.5823755488,647437.6597414598,647291.9920546955,627932.8989739273,727207.1335745178,828033.5585219454,617595.2856702933
2033-03-01,872355.3205864094,648415.1565861944,647206.5865916051,626309.2004916677,722569.9133101889,830539.1284638064,750171.497693348
2033-04-01,860596.0601803709,644394.0825915807,649835.4188326465,628833.9534502646,724266.305084659,827255.0875176806,847282.9987409009
2033-05-01,837699.0074490922,657199.9441924276,657332.9878319262,634976.4926075771,728475.8754962949,818911.2904223854,939466.1147645786
2033-06-01,834003.5227297037,677344.6736187461,675741.6766702487,658019.2569903978,738174.9382980049,826180.8573859914,895252.7368318248
2033-07-01,848132.5114890275,684680.7909861719,684147.208095746,664734.8764131311,741800.2027528643,833891.0245241433,819320.61473497
2033-08-01,845070.6099672185,683388.3308196723,682136.1702713718,656349.4280468796,740672.4377936802,861981.0873849214,731674.9754232696
2033-09-01,816838.9058490973,686059.1132777485,684010.6733448532,665999.5576793066,749788.1587282202,867953.8337904263,693726.0526267036
2033-10-01,798293.1081013869,683412.1521780501,681223.6165791805,663017.7277209641,745854.148805434,875714.0524732193,615884.15306104
2033-11-01,801751.6142300471,686303.8960714678,684700.2498302296,665987.6474435432,748834.1328643872,874596.0615950563,607613.3511861283
2033-12-01,822508.3776249046,687009.464297424,685279.5567724741,665831.9376047032,752116.6719211641,872325.4804488104,621617.4704812539
2034-01-01,829648.8432831971,686022.6637293871,683577.3053327721,662490.4740842568,754208.4926588564,877295.9439094316,592802.2665991173
2034-02-01,830266.8581240574,687126.5142250356,685298.3176351605,664041.0791371228,757785.0283039702,883344.4852714948,630043.2974702141
2034-03-01,826030.1068214251,686333.3299587272,686033.1893341622,665504.3540356302,759217.8007696255,889203.6003178726,745406.1751255173
2034-04-01,815599.7106974339,680043.6143893359,681809.3987896433,661041.1147163096,757969.6599204865,892744.8616181848,836346.2899568491
2034-05-01,805374.5521337433,694110.5729626201,695486.7642939357,677786.1335969096,765301.781255826,904179.02858205,887819.2321273874
2034-06-01,799285.4541514998,718173.8600357005,717612.2966694762,703303.2060549299,779733.5599344383,939038.9064064028,815355.1490560531
2034-07-01,815315.163726563,725151.6525123462,723466.2399459551,709577.0703191147,781306.8357748096,951419.0750480539,739681.2720080632
2034-08-01,821642.6215955099,725188.771737449,722454.4990767759,709025.310417422,784394.6456449841,952169.9092933802,696313.7267145035
2034-09-01,805356.9981640596,723367.4263919712,719076.3089009878,706262.2051677493,791258.8959858133,952655.6138800282,636954.6576654674
2034-10-01,791448.4987747616,720148.2105719374,716418.6625079724,703271.5380228127,789185.1899844063,951099.3437043126,587204.237704398
2034-11-01,764593.6301968228,722487.9016600563,720456.6176042097,706087.4233260142,787488.3922774706,951353.021667298,585629.4975771616
2034-12-01,752683.6358675014,722020.562962563,721199.1519678022,703970.5785804543,780398.2574332906,945660.4295452205,592917.1453918377
